promedioPotencia,costo,costoEnergia
0.033634166666666666,800,0.016830537000000003
0.040670000000000005,800,0.0016959390000000003
0.03821,800,0.003186714
